zcta,total_pop,under18,over65,median_age
69168,288.0,84.0,68.0,38.8
80002,21270.0,3384.0,4296.0,36.4
80003,35976.0,7764.0,7441.0,37.4
80004,33700.0,5613.0,9601.0,43.2
80005,28459.0,5819.0,7497.0,42.7
80007,19078.0,4825.0,3742.0,40.7
80010,42439.0,11400.0,5586.0,32.0
80011,53695.0,13842.0,7163.0,32.0
80012,51052.0,12157.0,8285.0,34.0
80013,73248.0,17874.0,13771.0,36.6
80014,39496.0,5998.0,11831.0,40.9
80015,72316.0,16859.0,14353.0,39.5
80016,68268.0,18349.0,12373.0,39.9
80017,40584.0,10367.0,5683.0,32.9
80018,19072.0,5394.0,2268.0,34.3
80019,7900.0,1724.0,870.0,30.7
80020,54201.0,11230.0,11699.0,37.7
80021,36555.0,5161.0,7235.0,36.6
80022,61452.0,17704.0,9809.0,35.1
80023,27143.0,6909.0,5507.0,41.0
80024,33.0,0.0,33.0,
80025,138.0,0.0,31.0,40.9
80026,32701.0,6902.0,7491.0,40.0
80027,34127.0,8432.0,6593.0,40.3
80030,15427.0,3544.0,3268.0,34.4
80031,35584.0,6945.0,8760.0,39.5
80033,26485.0,4117.0,7093.0,42.4
80045,1676.0,27.0,281.0,31.5
80101,423.0,89.0,174.0,50.3
80102,6690.0,1841.0,1296.0,37.5
80103,3215.0,1029.0,390.0,32.0
80104,38479.0,8571.0,7686.0,38.2
80105,2182.0,499.0,705.0,45.8
80106,4455.0,619.0,1240.0,50.7
80107,15102.0,3353.0,3886.0,41.9
80108,36730.0,9288.0,7287.0,40.5
80109,28400.0,7745.0,4574.0,36.9
80110,23825.0,4195.0,4698.0,36.7
80111,31561.0,6972.0,7390.0,42.7
80112,36816.0,7469.0,6931.0,36.0
80113,22976.0,3914.0,5542.0,39.6
80116,5132.0,967.0,1824.0,52.2
80117,2756.0,575.0,916.0,49.7
80118,5632.0,760.0,1703.0,54.0
80120,29725.0,5431.0,8786.0,42.5
80121,18029.0,3516.0,6310.0,47.8
80122,32195.0,6876.0,8923.0,42.3
80123,44549.0,8677.0,12408.0,41.8
80124,22555.0,4171.0,4998.0,38.7
80125,15630.0,3494.0,2806.0,40.6
80126,44882.0,11481.0,8722.0,41.7
80127,43494.0,8954.0,11837.0,44.7
80128,36712.0,8222.0,8583.0,39.5
80129,30223.0,6260.0,6953.0,41.2
80130,24719.0,6028.0,4983.0,40.7
80131,276.0,60.0,45.0,35.8
80132,30073.0,7590.0,7641.0,43.0
80133,2425.0,278.0,718.0,49.2
80134,80302.0,19989.0,13056.0,37.5
80135,4141.0,548.0,1727.0,54.9
80136,6144.0,1850.0,1121.0,34.4
80137,1689.0,352.0,378.0,36.7
80138,36895.0,8910.0,7531.0,40.2
80202,18589.0,384.0,2815.0,34.0
80203,22441.0,534.0,2856.0,33.2
80204,35318.0,5493.0,4414.0,32.7
80205,34571.0,5340.0,3499.0,33.1
80206,24383.0,2742.0,5265.0,37.2
80207,21542.0,5081.0,4850.0,38.5
80209,27564.0,3338.0,6408.0,38.0
80210,39113.0,5960.0,7465.0,35.7
80211,38177.0,4409.0,4394.0,34.0
80212,20746.0,3301.0,4029.0,38.1
80214,27022.0,3697.0,5103.0,35.0
80215,19839.0,3384.0,5604.0,39.1
80216,17330.0,3227.0,1506.0,29.8
80218,19149.0,915.0,3897.0,36.7
80219,59523.0,15065.0,10115.0,34.7
80220,37203.0,7972.0,6722.0,37.7
80221,39718.0,8809.0,6555.0,34.9
80222,23838.0,3963.0,4869.0,37.9
80223,19246.0,3008.0,3426.0,34.6
80224,19352.0,4102.0,4588.0,37.7
80226,31573.0,5201.0,7267.0,37.8
80227,34907.0,5768.0,10036.0,40.6
80228,34942.0,6018.0,7584.0,39.4
80229,55092.0,13182.0,7193.0,33.4
80230,10449.0,1702.0,2825.0,45.7
80231,35883.0,7634.0,6123.0,33.3
80232,23050.0,3973.0,5578.0,39.1
80233,48441.0,10124.0,8823.0,34.4
80234,29356.0,5356.0,5755.0,36.8
80235,8373.0,1534.0,2098.0,36.6
80236,16863.0,3698.0,3144.0,36.6
80237,23384.0,3700.0,4949.0,35.3
80238,30575.0,9992.0,2961.0,36.0
80239,44956.0,11621.0,5466.0,32.5
80241,34082.0,8357.0,5961.0,35.9
80246,13097.0,1531.0,1604.0,32.5
80247,29760.0,5275.0,6577.0,34.9
80249,41590.0,11657.0,5061.0,32.9
80260,34677.0,9705.0,5221.0,32.4
80264,0.0,0.0,0.0,
80266,0.0,0.0,0.0,
80290,474.0,0.0,0.0,35.5
80293,0.0,0.0,0.0,
80294,0.0,0.0,0.0,
80301,25007.0,3769.0,5343.0,36.9
80302,29569.0,2165.0,5009.0,24.9
80303,24996.0,2707.0,5119.0,29.3
80304,25383.0,4523.0,5894.0,42.8
80305,16291.0,2857.0,3536.0,36.7
80310,7692.0,60.0,0.0,19.3
80401,43811.0,7279.0,9662.0,38.8
80403,20732.0,4418.0,5800.0,45.6
80419,0.0,0.0,0.0,
80420,1246.0,58.0,415.0,57.2
80421,8536.0,1317.0,2795.0,48.7
80422,4363.0,508.0,1780.0,51.8
80423,83.0,0.0,34.0,47.1
80424,9764.0,1266.0,2090.0,40.9
80425,243.0,99.0,98.0,40.6
80426,102.0,0.0,102.0,67.5
80427,567.0,169.0,136.0,35.9
80428,720.0,199.0,115.0,40.0
80430,148.0,19.0,50.0,53.0
80432,293.0,9.0,86.0,53.5
80433,8292.0,1506.0,2303.0,49.1
80434,32.0,0.0,0.0,50.5
80435,8715.0,1706.0,1571.0,35.6
80436,348.0,14.0,168.0,59.5
80438,970.0,182.0,269.0,44.8
80439,24610.0,4998.0,7869.0,49.0
80440,3502.0,833.0,383.0,38.3
80442,2614.0,455.0,496.0,37.6
80443,3992.0,451.0,1306.0,44.1
80444,1053.0,106.0,322.0,43.9
80446,4017.0,578.0,1127.0,41.0
80447,1857.0,46.0,909.0,57.0
80448,0.0,0.0,0.0,
80449,916.0,0.0,587.0,65.2
80451,1265.0,376.0,174.0,40.2
80452,3135.0,517.0,1079.0,47.4
80453,297.0,32.0,60.0,35.7
80454,986.0,250.0,339.0,49.3
80455,501.0,98.0,139.0,48.5
80456,507.0,12.0,273.0,62.8
80457,283.0,41.0,36.0,55.1
80459,2569.0,915.0,522.0,32.1
80461,6957.0,1320.0,1307.0,36.4
80463,100.0,0.0,67.0,65.9
80465,16582.0,3125.0,4431.0,44.4
80466,3599.0,642.0,814.0,43.6
80467,2260.0,372.0,483.0,42.0
80468,382.0,42.0,84.0,48.2
80469,402.0,74.0,27.0,37.4
80470,3608.0,420.0,1222.0,55.1
80471,0.0,0.0,0.0,
80473,62.0,0.0,4.0,33.9
80474,264.0,70.0,22.0,38.0
80475,39.0,0.0,6.0,55.3
80476,159.0,5.0,58.0,54.4
80478,1396.0,61.0,685.0,58.7
80479,32.0,0.0,0.0,
80480,1130.0,213.0,477.0,55.2
80481,484.0,69.0,161.0,47.4
80482,1447.0,62.0,797.0,63.1
80483,455.0,29.0,191.0,53.5
80487,18525.0,3140.0,5197.0,44.5
80498,8881.0,1623.0,2140.0,39.5
80501,44147.0,8563.0,10309.0,38.4
80503,35846.0,6792.0,10541.0,44.8
80504,63451.0,13484.0,14364.0,39.5
80510,663.0,79.0,283.0,54.8
80512,1903.0,229.0,672.0,51.9
80513,18271.0,3928.0,4458.0,42.3
80514,6721.0,1789.0,1073.0,33.7
80515,934.0,39.0,397.0,53.9
80516,39048.0,11028.0,6222.0,37.7
80517,9657.0,1161.0,4421.0,55.8
80520,1140.0,175.0,318.0,41.4
80521,38776.0,3765.0,3739.0,22.9
80524,40030.0,7110.0,9851.0,35.9
80525,54211.0,9052.0,12342.0,37.9
80526,44326.0,7907.0,8831.0,34.1
80528,24960.0,6891.0,4314.0,35.7
80530,6242.0,1451.0,1100.0,35.7
80532,185.0,43.0,79.0,40.5
80534,20502.0,5337.0,3320.0,35.0
80535,1896.0,169.0,792.0,53.1
80536,2383.0,453.0,999.0,55.8
80537,44425.0,8331.0,12547.0,41.1
80538,50110.0,9884.0,15496.0,42.9
80540,4642.0,991.0,1290.0,48.1
80542,5155.0,1586.0,887.0,39.4
80543,9774.0,2739.0,1496.0,32.0
80544,0.0,0.0,0.0,
80545,937.0,49.0,445.0,59.4
80546,271.0,130.0,51.0,39.7
80547,8821.0,2911.0,1451.0,35.9
80549,14325.0,4178.0,2073.0,35.9
80550,46456.0,11386.0,9177.0,38.0
80601,42127.0,11632.0,6825.0,34.0
80602,44783.0,11859.0,7992.0,38.8
80603,16811.0,4567.0,2982.0,36.6
80610,4132.0,990.0,925.0,35.7
80611,557.0,86.0,219.0,53.3
80612,494.0,101.0,170.0,57.1
80615,9060.0,2060.0,1919.0,39.0
80620,20798.0,5634.0,2766.0,30.0
80621,15060.0,3691.0,3082.0,36.3
80622,282.0,74.0,0.0,40.1
80623,1026.0,288.0,190.0,35.3
80624,685.0,84.0,218.0,50.7
80631,53722.0,13440.0,7168.0,28.7
80634,65622.0,15866.0,15588.0,38.5
80640,13818.0,3690.0,1760.0,34.9
80642,4466.0,1069.0,854.0,38.4
80643,5119.0,1241.0,1003.0,36.3
80644,2124.0,426.0,675.0,50.3
80645,4917.0,1219.0,995.0,38.1
80646,0.0,0.0,0.0,
80648,902.0,175.0,287.0,51.3
80649,263.0,30.0,172.0,61.7
80650,2192.0,547.0,538.0,33.6
80651,4837.0,909.0,1138.0,43.6
80652,299.0,52.0,37.0,39.7
80653,939.0,194.0,342.0,46.8
80654,3657.0,932.0,884.0,36.4
80701,16226.0,4498.0,3439.0,34.8
80705,1102.0,247.0,280.0,32.8
80720,2247.0,402.0,778.0,45.6
80721,257.0,126.0,20.0,22.1
80722,374.0,108.0,143.0,43.8
80723,6892.0,1387.0,1511.0,40.2
80726,453.0,64.0,128.0,53.9
80727,369.0,89.0,92.0,33.9
80728,1029.0,274.0,286.0,41.9
80729,350.0,48.0,195.0,62.3
80731,1486.0,316.0,480.0,46.3
80732,42.0,20.0,15.0,53.1
80733,625.0,154.0,140.0,41.1
80734,2999.0,791.0,783.0,40.3
80735,324.0,90.0,98.0,42.0
80736,625.0,95.0,179.0,40.0
80737,1420.0,316.0,455.0,42.8
80740,94.0,23.0,43.0,46.5
80741,936.0,158.0,256.0,39.8
80742,204.0,24.0,103.0,60.5
80743,1333.0,332.0,282.0,36.3
80744,615.0,151.0,181.0,40.2
80745,32.0,2.0,23.0,71.0
80746,37.0,0.0,8.0,34.9
80747,499.0,95.0,139.0,41.7
80749,264.0,43.0,95.0,52.1
80750,217.0,27.0,130.0,61.8
80751,16936.0,2994.0,4451.0,38.2
80754,141.0,39.0,46.0,39.9
80755,323.0,167.0,15.0,17.9
80757,216.0,43.0,72.0,39.8
80758,3394.0,860.0,836.0,41.0
80759,4931.0,1333.0,1178.0,40.9
80801,100.0,10.0,37.0,54.8
80802,146.0,50.0,26.0,41.5
80804,432.0,124.0,136.0,43.7
80805,369.0,113.0,120.0,40.6
80807,4211.0,1214.0,1083.0,37.7
80808,6521.0,1419.0,1360.0,40.1
80809,1138.0,133.0,543.0,58.7
80810,1145.0,229.0,385.0,47.5
80812,298.0,78.0,82.0,35.3
80813,1817.0,335.0,630.0,48.6
80814,4599.0,391.0,1772.0,54.0
80815,923.0,152.0,292.0,43.0
80816,6251.0,886.0,2675.0,55.9
80817,31241.0,8667.0,3349.0,30.6
80818,337.0,30.0,105.0,47.8
80819,650.0,66.0,155.0,41.3
80820,427.0,0.0,254.0,63.8
80821,1336.0,347.0,307.0,35.8
80822,224.0,63.0,92.0,45.0
80823,197.0,30.0,127.0,65.8
80824,293.0,90.0,95.0,47.2
80825,401.0,102.0,85.0,35.7
80826,945.0,0.0,78.0,38.8
80827,808.0,109.0,583.0,67.3
80828,2427.0,506.0,685.0,44.4
80829,5312.0,781.0,1433.0,47.3
80830,176.0,13.0,125.0,64.9
80831,33912.0,9372.0,6217.0,38.3
80832,1019.0,288.0,237.0,41.2
80833,1240.0,185.0,458.0,54.4
80834,287.0,77.0,75.0,44.2
80835,643.0,164.0,165.0,39.1
80836,1085.0,245.0,345.0,39.2
80840,6727.0,962.0,98.0,21.0
80860,654.0,71.0,368.0,61.5
80861,283.0,69.0,102.0,45.4
80862,47.0,5.0,18.0,52.7
80863,12329.0,2339.0,3950.0,44.2
80864,1505.0,307.0,501.0,50.9
80902,11951.0,5056.0,35.0,23.5
80903,16491.0,1566.0,3638.0,34.5
80904,21158.0,2428.0,7647.0,46.6
80905,16672.0,2545.0,3400.0,35.7
80906,37502.0,7946.0,9804.0,39.7
80907,27815.0,4327.0,7280.0,37.5
80908,25486.0,7334.0,5544.0,39.0
80909,35486.0,6358.0,8515.0,37.4
80910,31368.0,6956.0,6102.0,31.9
80911,33027.0,8552.0,7173.0,36.4
80913,6586.0,0.0,0.0,21.9
80914,504.0,0.0,0.0,21.6
80915,23884.0,5700.0,3777.0,32.2
80916,41104.0,12740.0,4492.0,29.4
80917,30398.0,6083.0,6324.0,34.8
80918,50005.0,9957.0,10594.0,35.3
80919,27787.0,5790.0,7504.0,42.3
80920,36923.0,8418.0,8159.0,37.2
80921,26551.0,6255.0,6684.0,44.3
80922,30453.0,7811.0,4409.0,34.0
80923,31772.0,7734.0,4958.0,35.1
80924,19619.0,6348.0,2492.0,34.5
80925,17273.0,5665.0,1354.0,29.6
80926,1561.0,325.0,571.0,48.5
80927,8036.0,2627.0,812.0,33.3
80928,798.0,95.0,206.0,46.5
80929,155.0,0.0,56.0,55.5
80930,1882.0,505.0,237.0,29.9
80938,1664.0,667.0,126.0,29.5
80939,62.0,29.0,0.0,36.1
80951,5219.0,1699.0,335.0,29.2
81001,31197.0,7636.0,7437.0,34.0
81003,15194.0,2827.0,2959.0,36.1
81004,25757.0,5541.0,6732.0,40.9
81005,32441.0,6682.0,9894.0,43.3
81006,11029.0,2185.0,3501.0,47.0
81007,35690.0,8684.0,8771.0,41.0
81008,11608.0,2384.0,3258.0,37.8
81019,1280.0,234.0,681.0,63.2
81020,763.0,35.0,516.0,68.6
81021,12.0,0.0,11.0,65.8
81022,1143.0,169.0,359.0,52.9
81023,1417.0,217.0,630.0,54.1
81024,149.0,28.0,64.0,44.8
81025,814.0,81.0,369.0,58.0
81027,158.0,59.0,47.0,32.4
81029,212.0,40.0,96.0,55.6
81030,148.0,15.0,78.0,61.5
81033,219.0,56.0,37.0,34.3
81036,1017.0,195.0,394.0,52.0
81039,1597.0,236.0,693.0,54.1
81040,360.0,20.0,235.0,65.4
81041,679.0,228.0,162.0,32.5
81043,30.0,0.0,13.0,58.8
81044,160.0,47.0,49.0,40.3
81045,59.0,10.0,25.0,52.3
81046,3.0,0.0,0.0,
81047,1586.0,293.0,680.0,52.3
81049,194.0,24.0,79.0,54.8
81050,9894.0,2355.0,2833.0,40.1
81052,9045.0,2419.0,2130.0,34.7
81054,4729.0,733.0,1118.0,39.8
81055,1559.0,29.0,1054.0,68.5
81057,450.0,87.0,124.0,40.0
81058,871.0,164.0,287.0,48.4
81059,61.0,0.0,40.0,64.1
81062,2000.0,172.0,377.0,38.1
81063,2783.0,463.0,600.0,40.2
81064,298.0,65.0,73.0,40.1
81067,5523.0,1333.0,1384.0,41.4
81069,1678.0,275.0,548.0,55.5
81071,298.0,93.0,83.0,33.5
81073,1865.0,521.0,508.0,39.5
81076,602.0,43.0,152.0,46.3
81077,568.0,139.0,150.0,33.3
81081,89.0,8.0,64.0,82.1
81082,11842.0,2112.0,3669.0,44.0
81084,39.0,0.0,25.0,64.3
81087,197.0,63.0,41.0,35.7
81089,4890.0,1026.0,1807.0,48.4
81090,829.0,86.0,330.0,56.8
81091,1120.0,310.0,449.0,51.4
81092,761.0,191.0,177.0,43.4
81101,15550.0,3701.0,3273.0,33.4
81120,1832.0,237.0,676.0,51.9
81121,376.0,26.0,159.0,54.1
81122,8838.0,1722.0,2354.0,45.1
81123,606.0,112.0,225.0,46.3
81124,259.0,104.0,57.0,44.8
81125,3362.0,836.0,718.0,41.9
81126,506.0,56.0,179.0,40.0
81128,34.0,0.0,22.0,65.7
81129,118.0,34.0,12.0,34.9
81130,727.0,82.0,331.0,56.3
81131,1051.0,20.0,634.0,64.9
81132,3252.0,522.0,1375.0,53.4
81133,1085.0,218.0,514.0,58.4
81136,305.0,105.0,60.0,24.2
81137,5571.0,1182.0,1672.0,46.1
81138,17.0,0.0,17.0,
81140,1893.0,549.0,391.0,33.7
81141,1406.0,426.0,366.0,40.7
81143,796.0,142.0,349.0,48.6
81144,6543.0,1531.0,1516.0,38.7
81146,637.0,122.0,153.0,32.3
81147,13091.0,2217.0,5216.0,51.9
81148,387.0,86.0,87.0,39.2
81149,1183.0,140.0,406.0,50.4
81151,1716.0,443.0,505.0,40.6
81152,1244.0,285.0,410.0,43.0
81154,1363.0,181.0,545.0,52.7
81155,228.0,6.0,183.0,63.6
81201,9294.0,1390.0,3279.0,47.8
81210,664.0,58.0,161.0,40.5
81211,8302.0,928.0,2933.0,48.3
81212,32292.0,4924.0,9971.0,44.4
81220,251.0,0.0,107.0,50.9
81221,324.0,46.0,118.0,46.2
81222,538.0,107.0,121.0,48.1
81223,2457.0,318.0,1217.0,59.6
81224,3101.0,440.0,629.0,48.8
81225,823.0,30.0,163.0,42.3
81226,7459.0,1113.0,1738.0,41.5
81227,93.0,0.0,93.0,
81228,0.0,0.0,0.0,
81230,10971.0,1935.0,1837.0,30.5
81232,0.0,0.0,0.0,
81233,966.0,156.0,416.0,48.1
81235,912.0,186.0,305.0,43.9
81236,1748.0,418.0,719.0,49.2
81237,169.0,0.0,96.0,61.7
81239,9.0,0.0,9.0,
81240,4800.0,1063.0,1224.0,43.2
81241,238.0,46.0,152.0,60.6
81242,807.0,68.0,299.0,52.7
81243,174.0,14.0,115.0,66.5
81244,660.0,209.0,186.0,47.3
81248,264.0,116.0,37.0,32.6
81251,423.0,49.0,273.0,71.3
81252,4763.0,674.0,2270.0,58.7
81253,524.0,45.0,199.0,55.2
81301,29774.0,4439.0,8293.0,43.1
81303,10236.0,2292.0,2636.0,39.8
81320,242.0,0.0,198.0,71.5
81321,14236.0,3023.0,4502.0,41.8
81323,5191.0,1036.0,1786.0,47.8
81324,1815.0,244.0,800.0,57.6
81325,95.0,0.0,69.0,63.9
81326,2621.0,357.0,1009.0,52.2
81327,486.0,99.0,90.0,44.2
81328,4487.0,651.0,2071.0,57.1
81330,138.0,0.0,113.0,68.4
81331,432.0,61.0,140.0,50.1
81332,414.0,96.0,98.0,45.1
81334,1389.0,559.0,319.0,27.8
81335,76.0,39.0,0.0,12.9
81401,24228.0,4939.0,8039.0,46.3
81403,12138.0,2340.0,4579.0,50.6
81410,1372.0,109.0,745.0,61.2
81411,24.0,0.0,24.0,73.7
81413,5149.0,840.0,2386.0,58.2
81415,1955.0,259.0,956.0,58.5
81416,14256.0,3132.0,4344.0,42.2
81418,1945.0,498.0,583.0,40.0
81419,3646.0,602.0,1464.0,54.9
81422,589.0,126.0,218.0,45.3
81423,1176.0,103.0,474.0,50.4
81424,1079.0,181.0,533.0,58.2
81425,5005.0,1009.0,1042.0,38.9
81426,120.0,17.0,5.0,37.6
81427,1218.0,150.0,528.0,54.9
81428,3788.0,644.0,1451.0,50.3
81429,129.0,0.0,102.0,66.8
81430,708.0,99.0,299.0,52.1
81431,745.0,233.0,137.0,41.7
81432,3219.0,416.0,1402.0,55.8
81433,651.0,85.0,170.0,35.6
81434,127.0,0.0,23.0,27.1
81435,5876.0,1171.0,1208.0,41.7
81501,24011.0,2662.0,6139.0,36.2
81503,16558.0,3654.0,4430.0,38.7
81504,32376.0,8085.0,7126.0,36.6
81505,13279.0,2663.0,3306.0,41.2
81506,11412.0,1758.0,4722.0,51.9
81507,15947.0,3389.0,6310.0,50.5
81520,12892.0,2826.0,3120.0,38.4
81521,16613.0,4305.0,4405.0,43.2
81522,0.0,0.0,0.0,
81523,983.0,90.0,616.0,65.5
81524,2760.0,843.0,569.0,36.4
81525,1127.0,244.0,254.0,44.9
81526,5559.0,928.0,2206.0,51.7
81527,1462.0,85.0,530.0,54.2
81601,16844.0,3799.0,3975.0,39.1
81610,635.0,263.0,98.0,33.4
81611,9068.0,1103.0,2288.0,44.3
81612,0.0,0.0,0.0,
81615,2972.0,379.0,1380.0,59.0
81620,10870.0,1567.0,1561.0,37.4
81621,6550.0,1175.0,1668.0,42.2
81623,15067.0,2662.0,4264.0,44.6
81624,1492.0,295.0,435.0,45.2
81625,12307.0,2904.0,2908.0,40.6
81630,1058.0,248.0,311.0,43.4
81631,8958.0,2147.0,2333.0,41.8
81632,10965.0,2276.0,2181.0,40.2
81633,0.0,0.0,0.0,
81635,7486.0,2036.0,1822.0,33.4
81637,10744.0,3337.0,1600.0,33.6
81638,69.0,0.0,62.0,72.7
81639,2618.0,498.0,706.0,40.5
81640,209.0,30.0,46.0,37.2
81641,3621.0,841.0,985.0,39.3
81642,15.0,6.0,9.0,
81643,1133.0,338.0,291.0,37.9
81645,1028.0,239.0,187.0,38.5
81646,115.0,25.0,44.0,43.3
81647,6882.0,1804.0,1380.0,35.0
81648,2796.0,691.0,643.0,37.2
81649,345.0,76.0,71.0,46.0
81650,14083.0,4103.0,2093.0,32.6
81652,6271.0,1667.0,1159.0,39.8
81653,0.0,0.0,0.0,
81654,1431.0,230.0,530.0,50.3
81655,227.0,78.0,39.0,37.6
81656,459.0,142.0,158.0,52.5
81657,4835.0,385.0,1553.0,49.4
82063,62.0,0.0,49.0,63.5
82082,1891.0,408.0,724.0,52.7
