zip,county_fips,county_name,county_res_ratio,cbsa_code,zori_now,zori_month,zori_year_ago,zhvi_now,zhvi_month,zhvi_year_ago
80001,08059,"Jefferson County, Colorado",1.0000,19740,,,,,,
80002,08059,"Jefferson County, Colorado",0.9680,19740,2154.07,2026-07-31,2119.92,555285.57,2026-07-31,567466.82
80003,08059,"Jefferson County, Colorado",0.8394,19740,1563.47,2026-07-31,1621.88,524124.93,2026-07-31,540735.75
80004,08059,"Jefferson County, Colorado",1.0000,19740,2009.38,2026-07-31,1980.47,597365.13,2026-07-31,612438.13
80005,08059,"Jefferson County, Colorado",1.0000,19740,2096.79,2026-07-31,2124.26,642797.09,2026-07-31,652135.22
80006,08059,"Jefferson County, Colorado",1.0000,19740,,,,,,
80007,08059,"Jefferson County, Colorado",1.0000,19740,3413.33,2026-07-31,,848802.10,2026-07-31,865729.99
80010,08001,"Adams County, Colorado",0.5070,19740,1501.86,2026-07-31,1516.09,395436.15,2026-07-31,411523.59
80011,08005,"Arapahoe County, Colorado",0.6569,19740,1614.51,2026-07-31,1663.81,406548.72,2026-07-31,418859.67
80012,08005,"Arapahoe County, Colorado",0.9907,19740,1497.56,2026-07-31,1534.88,391902.54,2026-07-31,409129.88
80013,08005,"Arapahoe County, Colorado",1.0000,19740,2027.24,2026-07-31,2025.91,465937.93,2026-07-31,479099.96
80014,08005,"Arapahoe County, Colorado",0.8925,19740,1701.40,2026-07-31,1685.74,349268.60,2026-07-31,370328.66
80015,08005,"Arapahoe County, Colorado",1.0000,19740,2740.53,2026-07-31,2724.66,546950.36,2026-07-31,558385.16
80016,08005,"Arapahoe County, Colorado",0.9296,19740,2039.94,2026-07-31,2069.67,739672.90,2026-07-31,748601.34
80017,08005,"Arapahoe County, Colorado",1.0000,19740,1598.00,2026-07-31,1649.32,404073.82,2026-07-31,417001.79
80018,08005,"Arapahoe County, Colorado",1.0000,19740,2841.22,2026-07-31,2740.68,541060.08,2026-07-31,553224.65
80019,08001,"Adams County, Colorado",0.9949,19740,2520.59,2026-07-31,2484.16,509998.50,2026-07-31,533035.26
80020,08014,"Broomfield County, Colorado",0.8023,19740,2140.60,2026-07-31,2140.55,572107.18,2026-07-31,577000.69
80021,08059,"Jefferson County, Colorado",0.5750,19740,1954.19,2026-07-31,1959.16,553454.27,2026-07-31,562454.61
80022,08001,"Adams County, Colorado",1.0000,19740,2248.80,2026-07-31,2204.36,473169.79,2026-07-31,492694.54
80023,08014,"Broomfield County, Colorado",0.7710,19740,2053.78,2026-07-31,2074.77,823007.46,2026-07-31,825269.32
80024,08001,"Adams County, Colorado",1.0000,19740,,,,,,
80025,08013,"Boulder County, Colorado",1.0000,14500,,,,,,
80026,08013,"Boulder County, Colorado",0.9999,14500,2220.46,2026-07-31,2227.76,671260.22,2026-07-31,685472.06
80027,08013,"Boulder County, Colorado",0.9999,14500,2490.79,2026-07-31,2437.39,827432.57,2026-07-31,836417.88
80030,08001,"Adams County, Colorado",1.0000,19740,1226.31,2026-07-31,1245.93,439832.89,2026-07-31,453470.45
80031,08001,"Adams County, Colorado",0.8974,19740,2249.61,2026-07-31,2222.10,504377.36,2026-07-31,517251.13
80033,08059,"Jefferson County, Colorado",1.0000,19740,1904.20,2026-07-31,1908.92,589731.55,2026-07-31,604711.39
80034,08059,"Jefferson County, Colorado",1.0000,19740,,,,,,
80035,08001,"Adams County, Colorado",1.0000,19740,,,,,,
80036,08001,"Adams County, Colorado",1.0000,19740,,,,,,
80037,08001,"Adams County, Colorado",1.0000,19740,,,,,,
80038,08014,"Broomfield County, Colorado",1.0000,19740,,,,,,
80040,08001,"Adams County, Colorado",1.0000,19740,,,,,,
80041,08005,"Arapahoe County, Colorado",1.0000,19740,,,,,,
80042,08001,"Adams County, Colorado",1.0000,19740,,,,,,
80044,08005,"Arapahoe County, Colorado",1.0000,19740,,,,,,
80045,08001,"Adams County, Colorado",0.9902,19740,1735.55,2026-07-31,1781.21,,,
80046,08005,"Arapahoe County, Colorado",1.0000,19740,,,,,,
80047,08005,"Arapahoe County, Colorado",1.0000,19740,,,,,,
80101,08039,"Elbert County, Colorado",1.0000,19740,,,,498857.84,2026-07-31,499196.19
80102,08001,"Adams County, Colorado",0.7814,19740,,,,520934.80,2026-07-31,531893.09
80103,08005,"Arapahoe County, Colorado",0.7403,19740,,,,558912.19,2026-07-31,563275.69
80104,08035,"Douglas County, Colorado",1.0000,19740,2410.55,2026-07-31,2385.76,610074.63,2026-07-31,617272.92
80105,08005,"Arapahoe County, Colorado",0.7149,19740,,,,387487.84,2026-07-31,396355.32
80106,08041,"El Paso County, Colorado",0.6069,17820,,,,737889.04,2026-07-31,751116.60
80107,08039,"Elbert County, Colorado",1.0000,19740,,,,669445.55,2026-07-31,694115.71
80108,08035,"Douglas County, Colorado",1.0000,19740,2445.74,2026-07-31,2401.79,867001.86,2026-07-31,877824.23
80109,08035,"Douglas County, Colorado",1.0000,19740,2764.13,2026-07-31,2657.54,655792.07,2026-07-31,667734.71
80110,08005,"Arapahoe County, Colorado",0.9528,19740,1681.57,2026-07-31,1721.02,490111.36,2026-07-31,497815.94
80111,08005,"Arapahoe County, Colorado",0.9826,19740,1998.49,2026-07-31,2021.48,897439.41,2026-07-31,910812.38
80112,08005,"Arapahoe County, Colorado",0.8098,19740,2006.83,2026-07-31,2012.65,606285.02,2026-07-31,625410.04
80113,08005,"Arapahoe County, Colorado",0.9999,19740,1908.54,2026-07-31,1979.76,633363.96,2026-07-31,650971.96
80116,08035,"Douglas County, Colorado",0.9977,19740,,,,1059463.46,2026-07-31,1063577.87
80117,08039,"Elbert County, Colorado",1.0000,19740,,,,700845.27,2026-07-31,686788.01
80118,08035,"Douglas County, Colorado",0.9963,19740,,,,947908.77,2026-07-31,964423.90
80120,08005,"Arapahoe County, Colorado",1.0000,19740,1890.20,2026-07-31,1913.17,602883.22,2026-07-31,614485.52
80121,08005,"Arapahoe County, Colorado",1.0000,19740,2417.61,2026-07-31,2388.79,690461.55,2026-07-31,705679.39
80122,08005,"Arapahoe County, Colorado",1.0000,19740,2386.18,2026-07-31,2390.93,629155.92,2026-07-31,638292.63
80123,08059,"Jefferson County, Colorado",0.3713,19740,1974.82,2026-07-31,1987.15,594822.23,2026-07-31,607378.96
80124,08035,"Douglas County, Colorado",1.0000,19740,1994.39,2026-07-31,2016.47,790754.53,2026-07-31,814533.28
80125,08035,"Douglas County, Colorado",1.0000,19740,2778.83,2026-07-31,2790.95,723561.45,2026-07-31,745303.02
80126,08035,"Douglas County, Colorado",0.9940,19740,2978.52,2026-07-31,2972.52,741904.41,2026-07-31,761195.33
80127,08059,"Jefferson County, Colorado",1.0000,19740,2124.41,2026-07-31,2133.05,670030.09,2026-07-31,682739.96
80128,08059,"Jefferson County, Colorado",0.9118,19740,2199.24,2026-07-31,2191.25,591430.67,2026-07-31,605812.05
80129,08035,"Douglas County, Colorado",1.0000,19740,2303.41,2026-07-31,2314.94,670756.66,2026-07-31,687327.99
80130,08035,"Douglas County, Colorado",1.0000,19740,2782.10,2026-07-31,2739.22,683168.32,2026-07-31,698359.36
80131,08035,"Douglas County, Colorado",1.0000,19740,,,,533996.63,2026-07-31,539343.25
80132,08041,"El Paso County, Colorado",1.0000,17820,2357.86,2026-07-31,2354.57,753562.66,2026-07-31,762810.40
80133,08041,"El Paso County, Colorado",1.0000,17820,,,,519146.77,2026-07-31,522336.94
80134,08035,"Douglas County, Colorado",1.0000,19740,2473.96,2026-07-31,2558.15,674918.25,2026-07-31,688420.47
80135,08035,"Douglas County, Colorado",0.9973,19740,,,,934904.34,2026-07-31,942142.97
80136,08001,"Adams County, Colorado",0.7790,19740,,,,535098.00,2026-07-31,553466.44
80137,08005,"Arapahoe County, Colorado",0.7343,19740,,,,537063.58,2026-07-31,564478.50
80138,08035,"Douglas County, Colorado",0.8749,19740,2000.19,2026-07-31,2032.79,721701.57,2026-07-31,738096.95
80150,08005,"Arapahoe County, Colorado",1.0000,19740,,,,,,
80151,08005,"Arapahoe County, Colorado",1.0000,19740,,,,,,
80155,08005,"Arapahoe County, Colorado",1.0000,19740,,,,,,
80160,08005,"Arapahoe County, Colorado",1.0000,19740,,,,,,
80161,08005,"Arapahoe County, Colorado",1.0000,19740,,,,,,
80162,08059,"Jefferson County, Colorado",1.0000,19740,,,,,,
80163,08035,"Douglas County, Colorado",1.0000,19740,,,,,,
80165,08005,"Arapahoe County, Colorado",0.0000,19740,,,,,,
80166,08005,"Arapahoe County, Colorado",0.0000,19740,,,,,,
80201,08031,"Denver County, Colorado",1.0000,19740,,,,,,
80202,08031,"Denver County, Colorado",1.0000,19740,2068.01,2026-07-31,2097.36,550209.63,2026-07-31,569308.22
80203,08031,"Denver County, Colorado",1.0000,19740,1552.63,2026-07-31,1583.14,346664.23,2026-07-31,365988.44
80204,08031,"Denver County, Colorado",1.0000,19740,1957.71,2026-07-31,1944.34,527699.00,2026-07-31,546464.98
80205,08031,"Denver County, Colorado",1.0000,19740,2012.13,2026-07-31,2010.70,568225.47,2026-07-31,582936.96
80206,08031,"Denver County, Colorado",1.0000,19740,1893.97,2026-07-31,1939.37,850721.92,2026-07-31,841232.13
80207,08031,"Denver County, Colorado",1.0000,19740,2595.97,2026-07-31,2549.89,585059.04,2026-07-31,599380.37
80208,08031,"Denver County, Colorado",0.0000,19740,,,,,,
80209,08031,"Denver County, Colorado",1.0000,19740,2073.18,2026-07-31,2053.70,968957.61,2026-07-31,959425.48
80210,08031,"Denver County, Colorado",1.0000,19740,2061.12,2026-07-31,2051.51,821992.46,2026-07-31,824546.41
80211,08031,"Denver County, Colorado",1.0000,19740,2224.85,2026-07-31,2201.51,700585.66,2026-07-31,717548.69
80212,08031,"Denver County, Colorado",0.8316,19740,2589.43,2026-07-31,2529.76,722916.77,2026-07-31,735373.17
80214,08059,"Jefferson County, Colorado",0.9764,19740,1679.35,2026-07-31,1674.03,536043.47,2026-07-31,549402.21
80215,08059,"Jefferson County, Colorado",1.0000,19740,1791.73,2026-07-31,1833.87,679389.67,2026-07-31,680556.06
80216,08031,"Denver County, Colorado",0.7440,19740,1941.36,2026-07-31,1941.19,358205.08,2026-07-31,372119.53
80217,08031,"Denver County, Colorado",1.0000,19740,,,,,,
80218,08031,"Denver County, Colorado",1.0000,19740,1512.13,2026-07-31,1539.71,489055.27,2026-07-31,501427.92
80219,08031,"Denver County, Colorado",1.0000,19740,2342.92,2026-07-31,2343.35,420898.62,2026-07-31,436941.36
80220,08031,"Denver County, Colorado",0.9931,19740,1805.01,2026-07-31,1832.98,645815.44,2026-07-31,648459.15
80221,08001,"Adams County, Colorado",0.8484,19740,2090.32,2026-07-31,2070.94,451494.28,2026-07-31,467973.60
80222,08031,"Denver County, Colorado",0.9185,19740,1813.60,2026-07-31,1813.64,554414.50,2026-07-31,572080.98
80223,08031,"Denver County, Colorado",1.0000,19740,2016.31,2026-07-31,2028.03,453093.94,2026-07-31,469418.38
80224,08031,"Denver County, Colorado",0.9889,19740,1583.80,2026-07-31,1581.30,557139.38,2026-07-31,564466.11
80225,08059,"Jefferson County, Colorado",1.0000,19740,,,,,,
80226,08059,"Jefferson County, Colorado",0.9938,19740,1823.25,2026-07-31,1904.15,546408.49,2026-07-31,560336.07
80227,08059,"Jefferson County, Colorado",0.7767,19740,1807.62,2026-07-31,1783.94,530493.20,2026-07-31,542556.45
80228,08059,"Jefferson County, Colorado",1.0000,19740,1853.95,2026-07-31,1859.83,645114.95,2026-07-31,653343.42
80229,08001,"Adams County, Colorado",1.0000,19740,1693.70,2026-07-31,1717.42,422077.02,2026-07-31,435611.91
80230,08031,"Denver County, Colorado",0.9989,19740,2001.36,2026-07-31,2019.63,775034.91,2026-07-31,777972.74
80231,08031,"Denver County, Colorado",0.6063,19740,1456.53,2026-07-31,1510.76,406681.11,2026-07-31,428305.51
80232,08059,"Jefferson County, Colorado",0.9952,19740,1571.76,2026-07-31,1657.15,526315.95,2026-07-31,541153.37
80233,08001,"Adams County, Colorado",1.0000,19740,1688.86,2026-07-31,1743.80,466161.25,2026-07-31,478960.86
80234,08001,"Adams County, Colorado",0.9551,19740,1766.30,2026-07-31,1771.33,521055.47,2026-07-31,538588.34
80235,08059,"Jefferson County, Colorado",0.6723,19740,1967.62,2026-07-31,2019.13,435898.79,2026-07-31,446742.24
80236,08031,"Denver County, Colorado",0.9023,19740,2022.95,2026-07-31,2096.16,512599.67,2026-07-31,528392.73
80237,08031,"Denver County, Colorado",1.0000,19740,1826.73,2026-07-31,1832.62,492622.93,2026-07-31,511972.39
80238,08031,"Denver County, Colorado",0.9863,19740,2174.55,2026-07-31,2264.75,757722.79,2026-07-31,772938.50
80239,08031,"Denver County, Colorado",0.9960,19740,1768.25,2026-07-31,1757.84,426535.06,2026-07-31,439156.10
80241,08001,"Adams County, Colorado",1.0000,19740,1964.30,2026-07-31,1973.64,512270.13,2026-07-31,524997.10
80243,08031,"Denver County, Colorado",0.0000,19740,,,,,,
80246,08031,"Denver County, Colorado",0.6319,19740,1419.52,2026-07-31,1465.78,573575.20,2026-07-31,580850.19
80247,08005,"Arapahoe County, Colorado",0.5483,19740,1759.09,2026-07-31,1882.99,259828.71,2026-07-31,281534.52
80248,08031,"Denver County, Colorado",1.0000,19740,,,,,,
80249,08031,"Denver County, Colorado",0.9992,19740,1980.90,2026-07-31,2016.05,460992.96,2026-07-31,479288.20
80250,08031,"Denver County, Colorado",1.0000,19740,,,,,,
80256,08031,"Denver County, Colorado",0.0000,19740,,,,,,
80257,08031,"Denver County, Colorado",0.0000,19740,,,,,,
80259,08031,"Denver County, Colorado",0.0000,19740,,,,,,
80260,08001,"Adams County, Colorado",1.0000,19740,1498.34,2026-07-31,1498.66,399227.70,2026-07-31,414633.62
80261,08031,"Denver County, Colorado",0.0000,19740,,,,,,
80263,08031,"Denver County, Colorado",0.0000,19740,,,,,,
80264,08031,"Denver County, Colorado",0.0000,19740,,,,,,
80265,08031,"Denver County, Colorado",0.0000,19740,,,,,,
80266,08031,"Denver County, Colorado",0.0000,19740,,,,,,
80271,08031,"Denver County, Colorado",0.0000,19740,,,,,,
80273,08031,"Denver County, Colorado",0.0000,19740,,,,,,
80281,08031,"Denver County, Colorado",0.0000,19740,,,,,,
80290,08031,"Denver County, Colorado",0.0000,19740,,,,,,
80291,08031,"Denver County, Colorado",0.0000,19740,,,,,,
80293,08031,"Denver County, Colorado",0.0000,19740,,,,,,
80294,08031,"Denver County, Colorado",0.0000,19740,,,,,,
80299,08031,"Denver County, Colorado",0.0000,19740,,,,,,
80301,08013,"Boulder County, Colorado",1.0000,14500,2314.04,2026-07-31,2305.43,707634.94,2026-07-31,717098.24
80302,08013,"Boulder County, Colorado",1.0000,14500,2319.25,2026-07-31,2288.05,1109412.03,2026-07-31,1110473.06
80303,08013,"Boulder County, Colorado",0.9999,14500,2277.36,2026-07-31,2245.52,820623.47,2026-07-31,826464.53
80304,08013,"Boulder County, Colorado",1.0000,14500,2469.78,2026-07-31,2476.82,1229013.30,2026-07-31,1214609.57
80305,08013,"Boulder County, Colorado",1.0000,14500,2954.92,2026-07-31,2792.21,983987.75,2026-07-31,991447.04
80306,08013,"Boulder County, Colorado",1.0000,14500,,,,,,
80307,08013,"Boulder County, Colorado",1.0000,14500,,,,,,
80308,08013,"Boulder County, Colorado",1.0000,14500,,,,,,
80309,08013,"Boulder County, Colorado",0.0000,14500,,,,,,
80310,08013,"Boulder County, Colorado",1.0000,14500,,,,,,
80314,08013,"Boulder County, Colorado",0.0000,14500,,,,,,
80401,08059,"Jefferson County, Colorado",1.0000,19740,2149.23,2026-07-31,2165.76,836420.01,2026-07-31,842116.29
80402,08059,"Jefferson County, Colorado",1.0000,19740,,,,,,
80403,08059,"Jefferson County, Colorado",0.9261,19740,2783.57,2026-07-31,2791.07,871058.97,2026-07-31,875651.48
80419,08059,"Jefferson County, Colorado",0.0000,19740,,,,,,
80420,08093,"Park County, Colorado",1.0000,19740,,,,614335.84,2026-07-31,625178.67
80421,08093,"Park County, Colorado",0.9965,19740,,,,550747.79,2026-07-31,556805.35
80422,08047,"Gilpin County, Colorado",0.9845,19740,,,,565109.51,2026-07-31,587953.72
80423,08037,"Eagle County, Colorado",0.9091,20780,,,,,,
80424,08117,"Summit County, Colorado",1.0000,14720,3696.23,2026-07-31,,1191471.07,2026-07-31,1179977.23
80425,08059,"Jefferson County, Colorado",1.0000,19740,,,,,,
80426,08037,"Eagle County, Colorado",1.0000,20780,,,,,,
80427,08047,"Gilpin County, Colorado",0.9978,19740,,,,418980.42,2026-07-31,441253.29
80428,08107,"Routt County, Colorado",1.0000,44460,,,,905729.33,2026-07-31,885367.52
80429,08065,"Lake County, Colorado",0.0000,14720,,,,,,
80430,08057,"Jackson County, Colorado",0.9928,,,,,,,
80432,08093,"Park County, Colorado",1.0000,19740,,,,443952.30,2026-07-31,461398.77
80433,08059,"Jefferson County, Colorado",0.9994,19740,,,,747388.17,2026-07-31,774201.33
80434,08057,"Jackson County, Colorado",1.0000,,,,,,,
80435,08117,"Summit County, Colorado",1.0000,14720,3060.28,2026-07-31,,828855.78,2026-07-31,845435.92
80436,08019,"Clear Creek County, Colorado",1.0000,19740,,,,495563.51,2026-07-31,495776.62
80437,08059,"Jefferson County, Colorado",1.0000,19740,,,,,,
80438,08019,"Clear Creek County, Colorado",1.0000,19740,,,,356561.77,2026-07-31,371141.48
80439,08059,"Jefferson County, Colorado",0.8328,19740,3075.83,2026-07-31,2949.41,900310.59,2026-07-31,920806.30
80440,08093,"Park County, Colorado",1.0000,19740,2600.00,2026-07-31,,608518.04,2026-07-31,622907.34
80442,08049,"Grand County, Colorado",1.0000,,3005.56,2026-07-31,,767957.99,2026-07-31,786320.05
80443,08117,"Summit County, Colorado",1.0000,14720,3770.22,2026-07-31,,972443.95,2026-07-31,953624.10
80444,08019,"Clear Creek County, Colorado",1.0000,19740,1850.00,2026-07-31,,481377.08,2026-07-31,485765.42
80446,08049,"Grand County, Colorado",1.0000,,2635.50,2026-07-31,,732354.77,2026-07-31,736058.55
80447,08049,"Grand County, Colorado",1.0000,,2100.00,2026-07-31,,744036.24,2026-07-31,759069.32
80448,08093,"Park County, Colorado",1.0000,19740,,,,576486.83,2026-07-31,586260.22
80449,08093,"Park County, Colorado",1.0000,19740,,,,399766.06,2026-07-31,394728.47
80451,08049,"Grand County, Colorado",1.0000,,,,,536433.73,2026-07-31,516738.76
80452,08019,"Clear Creek County, Colorado",0.9957,19740,,,,492177.77,2026-07-31,498983.41
80453,08059,"Jefferson County, Colorado",1.0000,19740,,,,576509.12,2026-07-31,590259.48
80454,08059,"Jefferson County, Colorado",1.0000,19740,,,,677044.09,2026-07-31,694329.17
80455,08013,"Boulder County, Colorado",1.0000,14500,,,,541789.06,2026-07-31,560731.91
80456,08093,"Park County, Colorado",1.0000,19740,,,,452765.61,2026-07-31,465394.56
80457,08059,"Jefferson County, Colorado",1.0000,19740,,,,514581.08,2026-07-31,519115.36
80459,08049,"Grand County, Colorado",1.0000,,,,,551112.61,2026-07-31,550032.40
80461,08065,"Lake County, Colorado",1.0000,14720,2333.33,2026-07-31,,508687.40,2026-07-31,501964.40
80463,08037,"Eagle County, Colorado",0.6709,20780,,,,,,
80465,08059,"Jefferson County, Colorado",1.0000,19740,2585.33,2026-07-31,,716228.82,2026-07-31,735468.05
80466,08013,"Boulder County, Colorado",0.9967,14500,2374.75,2026-07-31,,676605.57,2026-07-31,682650.99
80467,08107,"Routt County, Colorado",1.0000,44460,,,,677868.68,2026-07-31,661171.28
80468,08049,"Grand County, Colorado",1.0000,,,,,731486.94,2026-07-31,741376.04
80469,08107,"Routt County, Colorado",1.0000,44460,,,,442408.45,2026-07-31,440056.73
80470,08059,"Jefferson County, Colorado",0.7188,19740,,,,668710.06,2026-07-31,681697.02
80471,08013,"Boulder County, Colorado",0.0000,14500,,,,,,
80473,08057,"Jackson County, Colorado",1.0000,,,,,,,
80474,08047,"Gilpin County, Colorado",0.9640,19740,,,,585410.30,2026-07-31,595654.39
80475,08093,"Park County, Colorado",1.0000,19740,,,,527214.54,2026-07-31,553459.86
80476,08019,"Clear Creek County, Colorado",1.0000,19740,,,,392291.19,2026-07-31,408391.95
80477,08107,"Routt County, Colorado",1.0000,44460,,,,,,
80478,08049,"Grand County, Colorado",1.0000,,,,,1036738.63,2026-07-31,1037761.37
80479,08107,"Routt County, Colorado",1.0000,44460,,,,,,
80480,08057,"Jackson County, Colorado",1.0000,,,,,,,
80481,08013,"Boulder County, Colorado",1.0000,14500,,,,527180.63,2026-07-31,536167.00
80482,08049,"Grand County, Colorado",1.0000,,,,,792257.99,2026-07-31,791391.57
80483,08107,"Routt County, Colorado",1.0000,44460,,,,484194.62,2026-07-31,483793.47
80487,08107,"Routt County, Colorado",1.0000,44460,3712.78,2026-07-31,3465.88,1317996.12,2026-07-31,1265204.78
80497,08117,"Summit County, Colorado",1.0000,14720,,,,,,
80498,08117,"Summit County, Colorado",0.9734,14720,3281.51,2026-07-31,3146.89,884692.49,2026-07-31,901508.42
80501,08013,"Boulder County, Colorado",1.0000,14500,1826.19,2026-07-31,1804.34,489241.55,2026-07-31,499995.49
80502,08013,"Boulder County, Colorado",1.0000,14500,,,,,,
80503,08013,"Boulder County, Colorado",0.9983,14500,1932.22,2026-07-31,1898.43,739081.55,2026-07-31,744583.17
80504,08013,"Boulder County, Colorado",0.5169,14500,2096.67,2026-07-31,2085.50,577059.41,2026-07-31,591137.46
80510,08013,"Boulder County, Colorado",0.9432,14500,,,,504252.88,2026-07-31,511406.53
80511,08069,"Larimer County, Colorado",0.0000,22660,,,,,,
80512,08069,"Larimer County, Colorado",1.0000,22660,,,,584116.25,2026-07-31,588655.44
80513,08069,"Larimer County, Colorado",0.9619,22660,3008.72,2026-07-31,,610587.64,2026-07-31,618078.34
80514,08123,"Weld County, Colorado",1.0000,24540,,,,499677.06,2026-07-31,518743.04
80515,08069,"Larimer County, Colorado",1.0000,22660,,,,481590.83,2026-07-31,494863.56
80516,08123,"Weld County, Colorado",0.6796,24540,2911.36,2026-07-31,2832.04,713750.09,2026-07-31,727135.78
80517,08069,"Larimer County, Colorado",1.0000,22660,2572.50,2026-07-31,,694014.23,2026-07-31,691082.01
80520,08123,"Weld County, Colorado",1.0000,24540,,,,472533.96,2026-07-31,484719.66
80521,08069,"Larimer County, Colorado",1.0000,22660,1786.02,2026-07-31,1778.06,529960.91,2026-07-31,532516.48
80522,08069,"Larimer County, Colorado",1.0000,22660,,,,,,
80523,08069,"Larimer County, Colorado",0.0000,22660,,,,,,
80524,08069,"Larimer County, Colorado",0.9822,22660,2034.07,2026-07-31,1990.22,589726.24,2026-07-31,595054.28
80525,08069,"Larimer County, Colorado",1.0000,22660,1857.34,2026-07-31,1844.57,576524.52,2026-07-31,577809.61
80526,08069,"Larimer County, Colorado",1.0000,22660,2085.31,2026-07-31,2034.25,542393.32,2026-07-31,545622.94
80527,08069,"Larimer County, Colorado",1.0000,22660,,,,,,
80528,08069,"Larimer County, Colorado",1.0000,22660,2212.28,2026-07-31,2171.78,646581.08,2026-07-31,656685.49
80530,08123,"Weld County, Colorado",1.0000,24540,,,,502100.29,2026-07-31,510338.18
80532,08069,"Larimer County, Colorado",1.0000,22660,,,,564435.13,2026-07-31,589494.75
80533,08013,"Boulder County, Colorado",1.0000,14500,,,,,,
80534,08123,"Weld County, Colorado",0.6469,24540,2093.58,2026-07-31,2057.85,510843.03,2026-07-31,527288.08
80535,08069,"Larimer County, Colorado",1.0000,22660,,,,566603.96,2026-07-31,570538.10
80536,08069,"Larimer County, Colorado",1.0000,22660,,,,612363.90,2026-07-31,623173.66
80537,08069,"Larimer County, Colorado",0.9967,22660,1760.00,2026-07-31,1716.08,498977.13,2026-07-31,503940.62
80538,08069,"Larimer County, Colorado",1.0000,22660,2043.22,2026-07-31,2000.40,503282.24,2026-07-31,509278.23
80539,08069,"Larimer County, Colorado",1.0000,22660,,,,,,
80540,08013,"Boulder County, Colorado",0.6066,14500,,,,754390.02,2026-07-31,765548.42
80541,08069,"Larimer County, Colorado",0.0000,22660,,,,,,
80542,08123,"Weld County, Colorado",1.0000,24540,,,,554157.58,2026-07-31,577153.12
80543,08123,"Weld County, Colorado",1.0000,24540,2257.50,2026-07-31,,450606.74,2026-07-31,455699.03
80544,08013,"Boulder County, Colorado",1.0000,14500,,,,,,
80545,08069,"Larimer County, Colorado",1.0000,22660,,,,447360.63,2026-07-31,457433.73
80546,08123,"Weld County, Colorado",1.0000,24540,,,,,,
80547,08069,"Larimer County, Colorado",1.0000,22660,2972.78,2026-07-31,,674657.22,2026-07-31,688554.13
80549,08069,"Larimer County, Colorado",0.9805,22660,2395.56,2026-07-31,,470047.67,2026-07-31,475319.79
80550,08123,"Weld County, Colorado",0.8608,24540,2185.02,2026-07-31,2165.59,550859.70,2026-07-31,564077.48
80553,08069,"Larimer County, Colorado",0.0000,22660,,,,,,
80601,08001,"Adams County, Colorado",1.0000,19740,1994.01,2026-07-31,2034.86,493557.35,2026-07-31,507790.79
80602,08001,"Adams County, Colorado",0.9999,19740,2923.47,2026-07-31,2915.07,644726.46,2026-07-31,657258.64
80603,08123,"Weld County, Colorado",0.6403,24540,3248.33,2026-07-31,,505192.81,2026-07-31,518795.15
80610,08123,"Weld County, Colorado",1.0000,24540,,,,443852.48,2026-07-31,450641.90
80611,08123,"Weld County, Colorado",1.0000,24540,,,,583549.49,2026-07-31,585393.32
80612,08123,"Weld County, Colorado",0.7694,24540,,,,652833.19,2026-07-31,653554.61
80614,08001,"Adams County, Colorado",1.0000,19740,,,,,,
80615,08123,"Weld County, Colorado",1.0000,24540,,,,522559.08,2026-07-31,520531.73
80620,08123,"Weld County, Colorado",1.0000,24540,1738.33,2026-07-31,1697.85,395558.75,2026-07-31,400695.03
80621,08123,"Weld County, Colorado",1.0000,24540,,,,467132.50,2026-07-31,477095.31
80622,08123,"Weld County, Colorado",1.0000,24540,,,,,,
80623,08123,"Weld County, Colorado",1.0000,24540,,,,362728.55,2026-07-31,361755.99
80624,08123,"Weld County, Colorado",1.0000,24540,,,,627175.20,2026-07-31,623024.81
80631,08123,"Weld County, Colorado",1.0000,24540,1353.08,2026-07-31,1328.67,367772.89,2026-07-31,373517.54
80632,08123,"Weld County, Colorado",1.0000,24540,,,,,,
80633,08123,"Weld County, Colorado",1.0000,24540,,,,,,
80634,08123,"Weld County, Colorado",1.0000,24540,1597.44,2026-07-31,1629.19,446767.74,2026-07-31,453001.07
80638,08123,"Weld County, Colorado",0.0000,24540,,,,,,
80639,08123,"Weld County, Colorado",0.0000,24540,,,,,,
80640,08001,"Adams County, Colorado",1.0000,19740,2557.94,2026-07-31,2436.04,503354.10,2026-07-31,518850.17
80642,08123,"Weld County, Colorado",0.7105,24540,,,,708092.86,2026-07-31,709685.95
80643,08123,"Weld County, Colorado",0.8957,24540,,,,534782.15,2026-07-31,542539.81
80644,08123,"Weld County, Colorado",1.0000,24540,,,,508575.13,2026-07-31,507249.51
80645,08123,"Weld County, Colorado",1.0000,24540,,,,457246.93,2026-07-31,466747.47
80646,08123,"Weld County, Colorado",1.0000,24540,,,,,,
80648,08123,"Weld County, Colorado",1.0000,24540,,,,609640.51,2026-07-31,612691.55
80649,08087,"Morgan County, Colorado",0.5376,22820,,,,441490.39,2026-07-31,434271.99
80650,08123,"Weld County, Colorado",1.0000,24540,,,,468286.77,2026-07-31,474979.19
80651,08123,"Weld County, Colorado",1.0000,24540,,,,548371.32,2026-07-31,550123.87
80652,08123,"Weld County, Colorado",1.0000,24540,,,,630304.79,2026-07-31,614440.72
80653,08087,"Morgan County, Colorado",1.0000,22820,,,,369992.25,2026-07-31,363619.53
80654,08087,"Morgan County, Colorado",0.9655,22820,,,,431536.44,2026-07-31,435080.43
80701,08087,"Morgan County, Colorado",0.9967,22820,,,,333689.38,2026-07-31,332827.46
80705,08087,"Morgan County, Colorado",1.0000,22820,,,,210333.99,2026-07-31,188022.08
80720,08121,"Washington County, Colorado",0.9978,,,,,245326.49,2026-07-31,258170.96
80721,08095,"Phillips County, Colorado",0.9425,,,,,,,
80722,08075,"Logan County, Colorado",1.0000,44540,,,,370976.51,2026-07-31,361622.47
80723,08087,"Morgan County, Colorado",0.9961,22820,,,,302276.10,2026-07-31,305125.30
80726,08075,"Logan County, Colorado",1.0000,44540,,,,269530.65,2026-07-31,256595.28
80727,08125,"Yuma County, Colorado",1.0000,,,,,251722.83,2026-07-31,230961.33
80728,08075,"Logan County, Colorado",0.9978,44540,,,,278319.90,2026-07-31,269907.38
80729,08123,"Weld County, Colorado",1.0000,24540,,,,,,
80731,08095,"Phillips County, Colorado",0.9020,,,,,273312.58,2026-07-31,262377.31
80732,08123,"Weld County, Colorado",1.0000,24540,,,,,,
80733,08087,"Morgan County, Colorado",0.7799,22820,,,,288646.76,2026-07-31,287422.45
80734,08095,"Phillips County, Colorado",0.9625,,,,,266915.20,2026-07-31,259875.81
80735,08125,"Yuma County, Colorado",1.0000,,,,,305783.93,2026-07-31,284804.55
80736,08075,"Logan County, Colorado",1.0000,44540,,,,305967.85,2026-07-31,295550.88
80737,08115,"Sedgwick County, Colorado",1.0000,,,,,175031.19,2026-07-31,180322.56
80740,08121,"Washington County, Colorado",1.0000,,,,,,,
80741,08075,"Logan County, Colorado",0.9081,44540,,,,346172.95,2026-07-31,339391.93
80742,08123,"Weld County, Colorado",0.9254,24540,,,,,,
80743,08121,"Washington County, Colorado",1.0000,,,,,246459.23,2026-07-31,231619.87
80744,08115,"Sedgwick County, Colorado",0.9789,,,,,137500.59,2026-07-31,137868.67
80745,08075,"Logan County, Colorado",0.9467,44540,,,,,,
80746,08095,"Phillips County, Colorado",1.0000,,,,,,,
80747,08075,"Logan County, Colorado",1.0000,44540,,,,237516.06,2026-07-31,232210.38
80749,08115,"Sedgwick County, Colorado",1.0000,,,,,,,
80750,08087,"Morgan County, Colorado",1.0000,22820,,,,,,
80751,08075,"Logan County, Colorado",1.0000,44540,1003.33,2026-07-31,,247686.21,2026-07-31,245090.78
80754,08123,"Weld County, Colorado",0.9844,24540,,,,,,
80755,08125,"Yuma County, Colorado",1.0000,,,,,,,
80757,08121,"Washington County, Colorado",1.0000,,,,,,,
80758,08125,"Yuma County, Colorado",0.9995,,,,,291858.94,2026-07-31,279725.64
80759,08125,"Yuma County, Colorado",0.9816,,,,,277773.94,2026-07-31,262162.96
80801,08121,"Washington County, Colorado",1.0000,,,,,,,
80802,08017,"Cheyenne County, Colorado",1.0000,,,,,,,
80804,08073,"Lincoln County, Colorado",1.0000,,,,,,,
80805,08063,"Kit Carson County, Colorado",1.0000,,,,,,,
80807,08063,"Kit Carson County, Colorado",0.9991,,,,,249222.96,2026-07-31,239535.96
80808,08041,"El Paso County, Colorado",0.9665,17820,,,,490832.10,2026-07-31,483549.99
80809,08041,"El Paso County, Colorado",1.0000,17820,,,,519699.09,2026-07-31,526067.35
80810,08017,"Cheyenne County, Colorado",1.0000,,,,,203537.98,2026-07-31,202931.10
80812,08121,"Washington County, Colorado",0.9832,,,,,,,
80813,08119,"Teller County, Colorado",1.0000,17820,,,,325574.68,2026-07-31,334001.40
80814,08119,"Teller County, Colorado",1.0000,17820,,,,500292.03,2026-07-31,514818.28
80815,08063,"Kit Carson County, Colorado",0.9412,,,,,225651.08,2026-07-31,220287.67
80816,08119,"Teller County, Colorado",0.8894,17820,,,,454837.30,2026-07-31,467325.66
80817,08041,"El Paso County, Colorado",0.9921,17820,2023.96,2026-07-31,1940.58,393767.55,2026-07-31,397115.19
80818,08073,"Lincoln County, Colorado",0.9333,,,,,,,
80819,08041,"El Paso County, Colorado",0.9754,17820,1400.00,2026-07-31,,400047.35,2026-07-31,404539.54
80820,08093,"Park County, Colorado",1.0000,19740,,,,497269.63,2026-07-31,507214.16
80821,08073,"Lincoln County, Colorado",1.0000,,,,,244924.20,2026-07-31,229651.69
80822,08125,"Yuma County, Colorado",1.0000,,,,,,,
80823,08073,"Lincoln County, Colorado",1.0000,,,,,,,
80824,08125,"Yuma County, Colorado",1.0000,,,,,303597.30,2026-07-31,290458.43
80825,08017,"Cheyenne County, Colorado",1.0000,,,,,172706.80,2026-07-31,168136.97
80826,08073,"Lincoln County, Colorado",0.0000,,,,,,,
80827,08093,"Park County, Colorado",0.7749,19740,,,,437502.93,2026-07-31,440709.72
80828,08073,"Lincoln County, Colorado",0.9211,,,,,285432.71,2026-07-31,274041.43
80829,08041,"El Paso County, Colorado",1.0000,17820,1325.26,2026-07-31,1307.12,551224.74,2026-07-31,546808.02
80830,08039,"Elbert County, Colorado",1.0000,19740,,,,,,
80831,08041,"El Paso County, Colorado",0.9963,17820,2674.53,2026-07-31,2559.94,543870.45,2026-07-31,555407.60
80832,08041,"El Paso County, Colorado",0.5561,17820,,,,460133.39,2026-07-31,431145.85
80833,08041,"El Paso County, Colorado",0.6144,17820,,,,,,
80834,08063,"Kit Carson County, Colorado",0.9942,,,,,,,
80835,08039,"Elbert County, Colorado",0.9433,19740,,,,338427.45,2026-07-31,327831.35
80836,08063,"Kit Carson County, Colorado",1.0000,,,,,219648.90,2026-07-31,204009.44
80840,08041,"El Paso County, Colorado",1.0000,17820,,,,,,
80841,08041,"El Paso County, Colorado",1.0000,17820,,,,,,
80860,08119,"Teller County, Colorado",1.0000,17820,,,,224951.58,2026-07-31,229864.65
80861,08063,"Kit Carson County, Colorado",0.9921,,,,,,,
80862,08017,"Cheyenne County, Colorado",1.0000,,,,,,,
80863,08119,"Teller County, Colorado",0.9617,17820,2105.18,2026-07-31,2020.57,537103.29,2026-07-31,541339.58
80864,08041,"El Paso County, Colorado",1.0000,17820,,,,,,
80866,08119,"Teller County, Colorado",1.0000,17820,,,,,,
80901,08041,"El Paso County, Colorado",1.0000,17820,,,,,,
80902,08041,"El Paso County, Colorado",1.0000,17820,,,,,,
80903,08041,"El Paso County, Colorado",1.0000,17820,1747.19,2026-07-31,1741.74,380571.33,2026-07-31,390860.84
80904,08041,"El Paso County, Colorado",1.0000,17820,1652.81,2026-07-31,1622.31,440898.76,2026-07-31,448420.60
80905,08041,"El Paso County, Colorado",1.0000,17820,1529.48,2026-07-31,1471.65,375152.22,2026-07-31,385119.35
80906,08041,"El Paso County, Colorado",0.9999,17820,1707.34,2026-07-31,1624.79,527807.67,2026-07-31,533818.74
80907,08041,"El Paso County, Colorado",1.0000,17820,1560.64,2026-07-31,1546.12,402053.60,2026-07-31,405019.81
80908,08041,"El Paso County, Colorado",1.0000,17820,2223.47,2026-07-31,2182.17,678462.86,2026-07-31,691467.65
80909,08041,"El Paso County, Colorado",1.0000,17820,1211.45,2026-07-31,1202.33,367532.08,2026-07-31,371464.84
80910,08041,"El Paso County, Colorado",1.0000,17820,1505.14,2026-07-31,1462.72,319048.79,2026-07-31,323100.20
80911,08041,"El Paso County, Colorado",1.0000,17820,2253.66,2026-07-31,2170.54,370135.38,2026-07-31,375754.83
80912,08041,"El Paso County, Colorado",0.0000,17820,,,,,,
80913,08041,"El Paso County, Colorado",1.0000,17820,,,,,,
80914,08041,"El Paso County, Colorado",1.0000,17820,,,,,,
80915,08041,"El Paso County, Colorado",1.0000,17820,1705.71,2026-07-31,1700.09,378555.69,2026-07-31,383328.89
80916,08041,"El Paso County, Colorado",1.0000,17820,1458.99,2026-07-31,1455.56,339606.11,2026-07-31,347162.98
80917,08041,"El Paso County, Colorado",1.0000,17820,1455.02,2026-07-31,1474.88,398099.20,2026-07-31,402185.56
80918,08041,"El Paso County, Colorado",1.0000,17820,1535.05,2026-07-31,1527.54,437033.49,2026-07-31,444449.79
80919,08041,"El Paso County, Colorado",1.0000,17820,1729.02,2026-07-31,1721.91,592608.79,2026-07-31,594687.48
80920,08041,"El Paso County, Colorado",1.0000,17820,1959.45,2026-07-31,1901.30,522901.03,2026-07-31,529039.54
80921,08041,"El Paso County, Colorado",1.0000,17820,1917.15,2026-07-31,1896.25,716914.11,2026-07-31,729181.25
80922,08041,"El Paso County, Colorado",1.0000,17820,2002.16,2026-07-31,1963.42,448311.31,2026-07-31,453205.94
80923,08041,"El Paso County, Colorado",1.0000,17820,1959.61,2026-07-31,1932.69,467384.24,2026-07-31,475308.63
80924,08041,"El Paso County, Colorado",1.0000,17820,1913.58,2026-07-31,1918.36,652476.10,2026-07-31,665845.43
80925,08041,"El Paso County, Colorado",1.0000,17820,2505.54,2026-07-31,2429.98,447519.11,2026-07-31,459610.58
80926,08041,"El Paso County, Colorado",0.9660,17820,,,,667580.39,2026-07-31,679939.73
80927,08041,"El Paso County, Colorado",1.0000,17820,2271.56,2026-07-31,2333.69,501774.96,2026-07-31,511979.83
80928,08041,"El Paso County, Colorado",1.0000,17820,,,,421014.95,2026-07-31,409066.46
80929,08041,"El Paso County, Colorado",1.0000,17820,,,,,,
80930,08041,"El Paso County, Colorado",1.0000,17820,,,,,,
80931,08041,"El Paso County, Colorado",1.0000,17820,,,,,,
80932,08041,"El Paso County, Colorado",1.0000,17820,,,,,,
80933,08041,"El Paso County, Colorado",1.0000,17820,,,,,,
80934,08041,"El Paso County, Colorado",1.0000,17820,,,,,,
80935,08041,"El Paso County, Colorado",1.0000,17820,,,,,,
80936,08041,"El Paso County, Colorado",1.0000,17820,,,,,,
80937,08041,"El Paso County, Colorado",1.0000,17820,,,,,,
80938,08041,"El Paso County, Colorado",1.0000,17820,,,,,,
80939,08041,"El Paso County, Colorado",1.0000,17820,,,,,,
80941,08041,"El Paso County, Colorado",0.0000,17820,,,,,,
80942,08041,"El Paso County, Colorado",0.0000,17820,,,,,,
80946,08041,"El Paso County, Colorado",0.0000,17820,,,,,,
80947,08041,"El Paso County, Colorado",0.0000,17820,,,,,,
80949,08041,"El Paso County, Colorado",1.0000,17820,,,,,,
80950,08041,"El Paso County, Colorado",0.0000,17820,,,,,,
80951,08041,"El Paso County, Colorado",1.0000,17820,,,,427684.75,2026-07-31,431172.71
80960,08041,"El Paso County, Colorado",1.0000,17820,,,,,,
80962,08041,"El Paso County, Colorado",1.0000,17820,,,,,,
80970,08041,"El Paso County, Colorado",1.0000,17820,,,,,,
80977,08041,"El Paso County, Colorado",0.0000,17820,,,,,,
80997,08041,"El Paso County, Colorado",0.0000,17820,,,,,,
81001,08101,"Pueblo County, Colorado",1.0000,39380,1270.16,2026-07-31,1281.40,221218.38,2026-07-31,224318.64
81002,08101,"Pueblo County, Colorado",1.0000,39380,,,,,,
81003,08101,"Pueblo County, Colorado",1.0000,39380,1666.45,2026-07-31,1600.20,205549.27,2026-07-31,211696.19
81004,08101,"Pueblo County, Colorado",1.0000,39380,1135.64,2026-07-31,1147.18,197832.94,2026-07-31,205207.50
81005,08101,"Pueblo County, Colorado",1.0000,39380,1204.50,2026-07-31,1181.31,293451.88,2026-07-31,302011.16
81006,08101,"Pueblo County, Colorado",1.0000,39380,,,,330267.60,2026-07-31,334584.98
81007,08101,"Pueblo County, Colorado",1.0000,39380,1842.06,2026-07-31,1796.92,397926.86,2026-07-31,407350.03
81008,08101,"Pueblo County, Colorado",0.9996,39380,1645.22,2026-07-31,,318100.92,2026-07-31,321753.05
81009,08101,"Pueblo County, Colorado",0.0000,39380,,,,,,
81010,08101,"Pueblo County, Colorado",0.0000,39380,,,,,,
81011,08101,"Pueblo County, Colorado",0.0000,39380,,,,,,
81012,08101,"Pueblo County, Colorado",0.0000,39380,,,,,,
81019,08101,"Pueblo County, Colorado",1.0000,39380,,,,326755.94,2026-07-31,332133.78
81020,08071,"Las Animas County, Colorado",1.0000,,,,,,,
81021,08061,"Kiowa County, Colorado",0.7619,,,,,,,
81022,08101,"Pueblo County, Colorado",1.0000,39380,,,,267005.94,2026-07-31,262643.67
81023,08101,"Pueblo County, Colorado",1.0000,39380,,,,386043.12,2026-07-31,386889.38
81024,08071,"Las Animas County, Colorado",1.0000,,,,,,,
81025,08101,"Pueblo County, Colorado",1.0000,39380,,,,217731.42,2026-07-31,219251.52
81027,08071,"Las Animas County, Colorado",1.0000,,,,,,,
81029,08009,"Baca County, Colorado",1.0000,,,,,,,
81030,08089,"Otero County, Colorado",1.0000,,,,,185604.07,2026-07-31,203750.97
81033,08025,"Crowley County, Colorado",1.0000,,,,,,,
81034,08025,"Crowley County, Colorado",0.0000,,,,,,,
81036,08061,"Kiowa County, Colorado",0.9924,,,,,161542.45,2026-07-31,174777.67
81039,08089,"Otero County, Colorado",0.8734,,,,,186667.50,2026-07-31,197369.16
81040,08055,"Huerfano County, Colorado",1.0000,,,,,317060.29,2026-07-31,323903.75
81041,08099,"Prowers County, Colorado",0.9891,,,,,,,
81043,08099,"Prowers County, Colorado",1.0000,,,,,,,
81044,08011,"Bent County, Colorado",1.0000,,,,,121135.66,2026-07-31,125959.87
81045,08061,"Kiowa County, Colorado",0.7101,,,,,,,
81046,08071,"Las Animas County, Colorado",0.0000,,,,,,,
81047,08099,"Prowers County, Colorado",0.9827,,,,,137853.05,2026-07-31,145689.27
81049,08071,"Las Animas County, Colorado",1.0000,,,,,,,
81050,08089,"Otero County, Colorado",0.9965,,,,,148982.05,2026-07-31,163600.62
81052,08099,"Prowers County, Colorado",0.9996,,,,,182304.44,2026-07-31,183935.64
81054,08011,"Bent County, Colorado",0.9948,,,,,114498.42,2026-07-31,108342.74
81055,08055,"Huerfano County, Colorado",1.0000,,,,,391341.75,2026-07-31,394281.99
81057,08011,"Bent County, Colorado",1.0000,,,,,196736.15,2026-07-31,214105.16
81058,08089,"Otero County, Colorado",0.9207,,,,,175701.89,2026-07-31,188553.38
81059,08071,"Las Animas County, Colorado",0.9138,,,,,,,
81062,08025,"Crowley County, Colorado",0.9950,,,,,170446.44,2026-07-31,180510.09
81063,08025,"Crowley County, Colorado",0.9563,,,,,162329.83,2026-07-31,170078.61
81064,08009,"Baca County, Colorado",0.8750,,,,,,,
81067,08089,"Otero County, Colorado",1.0000,,,,,152183.71,2026-07-31,162758.41
81069,08101,"Pueblo County, Colorado",0.7839,39380,,,,342274.94,2026-07-31,352724.56
81071,08061,"Kiowa County, Colorado",1.0000,,,,,,,
81073,08009,"Baca County, Colorado",1.0000,,,,,,,
81076,08025,"Crowley County, Colorado",0.9918,,,,,137211.83,2026-07-31,153789.16
81077,08089,"Otero County, Colorado",1.0000,,,,,217026.82,2026-07-31,219751.09
81081,08071,"Las Animas County, Colorado",1.0000,,,,,,,
81082,08071,"Las Animas County, Colorado",1.0000,,,,,233670.34,2026-07-31,245338.72
81084,08009,"Baca County, Colorado",1.0000,,,,,,,
81087,08009,"Baca County, Colorado",1.0000,,,,,,,
81089,08055,"Huerfano County, Colorado",0.9972,,,,,209810.03,2026-07-31,214867.67
81090,08009,"Baca County, Colorado",0.9984,,,,,,,
81091,08071,"Las Animas County, Colorado",1.0000,,,,,326042.83,2026-07-31,324602.65
81092,08099,"Prowers County, Colorado",0.7751,,,,,202282.44,2026-07-31,203241.05
81101,08003,"Alamosa County, Colorado",0.9936,10480,1075.00,2026-07-31,,318305.86,2026-07-31,308702.49
81102,08003,"Alamosa County, Colorado",0.0000,10480,,,,,,
81120,08021,"Conejos County, Colorado",1.0000,10480,,,,228045.59,2026-07-31,219564.60
81121,08007,"Archuleta County, Colorado",1.0000,,,,,,,
81122,08067,"La Plata County, Colorado",0.9857,20420,2286.25,2026-07-31,,522323.66,2026-07-31,515799.70
81123,08023,"Costilla County, Colorado",0.9973,10480,,,,180279.35,2026-07-31,206842.20
81124,08021,"Conejos County, Colorado",1.0000,10480,,,,,,
81125,08109,"Saguache County, Colorado",0.7765,,,,,194548.09,2026-07-31,201085.96
81126,08023,"Costilla County, Colorado",1.0000,10480,,,,,,
81128,08007,"Archuleta County, Colorado",1.0000,,,,,,,
81129,08021,"Conejos County, Colorado",1.0000,10480,,,,,,
81130,08079,"Mineral County, Colorado",0.9331,,,,,444388.67,2026-07-31,436113.54
81131,08109,"Saguache County, Colorado",1.0000,,,,,341202.61,2026-07-31,349553.10
81132,08105,"Rio Grande County, Colorado",0.9335,,,,,310789.37,2026-07-31,307676.64
81133,08023,"Costilla County, Colorado",1.0000,10480,,,,248296.62,2026-07-31,254573.03
81135,08105,"Rio Grande County, Colorado",0.0000,,,,,,,
81136,08003,"Alamosa County, Colorado",0.9714,10480,,,,,,
81137,08067,"La Plata County, Colorado",0.9025,20420,,,,469867.23,2026-07-31,470312.76
81138,08023,"Costilla County, Colorado",1.0000,10480,,,,,,
81140,08021,"Conejos County, Colorado",0.9962,10480,,,,221853.29,2026-07-31,216713.11
81141,08021,"Conejos County, Colorado",1.0000,10480,,,,184970.25,2026-07-31,186597.05
81143,08109,"Saguache County, Colorado",1.0000,,,,,132996.96,2026-07-31,151564.56
81144,08105,"Rio Grande County, Colorado",0.9763,,,,,274854.24,2026-07-31,268711.23
81146,08003,"Alamosa County, Colorado",1.0000,10480,,,,361475.23,2026-07-31,342976.44
81147,08007,"Archuleta County, Colorado",0.9989,,1958.33,2026-07-31,,574045.48,2026-07-31,581755.42
81148,08021,"Conejos County, Colorado",1.0000,10480,,,,,,
81149,08109,"Saguache County, Colorado",1.0000,,,,,279310.67,2026-07-31,278674.56
81151,08021,"Conejos County, Colorado",0.9065,10480,,,,214035.08,2026-07-31,205992.93
81152,08023,"Costilla County, Colorado",1.0000,10480,,,,135238.92,2026-07-31,152776.68
81154,08105,"Rio Grande County, Colorado",0.9518,,,,,460510.56,2026-07-31,452788.46
81155,08109,"Saguache County, Colorado",1.0000,,,,,361896.53,2026-07-31,352791.11
81157,08007,"Archuleta County, Colorado",1.0000,,,,,,,
81201,08015,"Chaffee County, Colorado",0.9913,,2386.11,2026-07-31,,717024.48,2026-07-31,716872.84
81210,08051,"Gunnison County, Colorado",1.0000,,,,,624229.05,2026-07-31,593871.26
81211,08015,"Chaffee County, Colorado",1.0000,,,,,687269.13,2026-07-31,677496.79
81212,08043,"Fremont County, Colorado",0.9999,15860,1448.41,2026-07-31,1434.07,335608.24,2026-07-31,342548.75
81215,08043,"Fremont County, Colorado",1.0000,15860,,,,,,
81220,08051,"Gunnison County, Colorado",0.9660,,,,,500033.53,2026-07-31,502263.24
81221,08043,"Fremont County, Colorado",1.0000,15860,,,,,,
81222,08043,"Fremont County, Colorado",1.0000,15860,,,,,,
81223,08043,"Fremont County, Colorado",0.9935,15860,,,,376938.12,2026-07-31,374151.02
81224,08051,"Gunnison County, Colorado",1.0000,,,,,1464133.13,2026-07-31,1379665.79
81225,08051,"Gunnison County, Colorado",1.0000,,,,,684369.90,2026-07-31,636827.74
81226,08043,"Fremont County, Colorado",0.9916,15860,,,,299107.94,2026-07-31,307898.36
81227,08015,"Chaffee County, Colorado",0.0000,,,,,,,
81228,08015,"Chaffee County, Colorado",0.9259,,,,,,,
81230,08051,"Gunnison County, Colorado",0.9977,,,,,625355.84,2026-07-31,602227.61
81231,08051,"Gunnison County, Colorado",0.0000,,,,,,,
81232,08043,"Fremont County, Colorado",0.0000,15860,,,,,,
81233,08043,"Fremont County, Colorado",1.0000,15860,,,,497276.90,2026-07-31,503565.97
81235,08053,"Hinsdale County, Colorado",1.0000,,,,,507395.55,2026-07-31,508378.53
81236,08015,"Chaffee County, Colorado",1.0000,,,,,706007.87,2026-07-31,682754.75
81237,08051,"Gunnison County, Colorado",1.0000,,,,,541533.17,2026-07-31,526683.24
81239,08051,"Gunnison County, Colorado",1.0000,,,,,,,
81240,08043,"Fremont County, Colorado",1.0000,15860,,,,389242.73,2026-07-31,391026.68
81241,08051,"Gunnison County, Colorado",1.0000,,,,,410278.80,2026-07-31,396568.36
81242,08015,"Chaffee County, Colorado",1.0000,,,,,570237.86,2026-07-31,561435.74
81243,08051,"Gunnison County, Colorado",1.0000,,,,,492095.73,2026-07-31,511755.62
81244,08043,"Fremont County, Colorado",1.0000,15860,,,,,,
81248,08109,"Saguache County, Colorado",1.0000,,,,,,,
81251,08065,"Lake County, Colorado",1.0000,14720,,,,659234.33,2026-07-31,636400.64
81252,08027,"Custer County, Colorado",0.9981,,,,,419921.65,2026-07-31,419432.47
81253,08027,"Custer County, Colorado",0.8278,,,,,404076.69,2026-07-31,402282.48
81290,08043,"Fremont County, Colorado",0.0000,15860,,,,,,
81301,08067,"La Plata County, Colorado",0.9993,20420,1965.69,2026-07-31,1958.71,775365.61,2026-07-31,748173.80
81302,08067,"La Plata County, Colorado",1.0000,20420,,,,,,
81303,08067,"La Plata County, Colorado",1.0000,20420,1957.42,2026-07-31,1950.37,712361.45,2026-07-31,699787.21
81320,08033,"Dolores County, Colorado",0.9891,,,,,371728.25,2026-07-31,359694.33
81321,08083,"Montezuma County, Colorado",1.0000,,1745.83,2026-07-31,1692.10,347258.81,2026-07-31,341714.47
81323,08083,"Montezuma County, Colorado",0.9808,,1200.00,2026-07-31,,484059.50,2026-07-31,467270.70
81324,08033,"Dolores County, Colorado",0.9889,,,,,232135.38,2026-07-31,224664.79
81325,08113,"San Miguel County, Colorado",1.0000,,,,,,,
81326,08067,"La Plata County, Colorado",1.0000,20420,,,,642165.69,2026-07-31,648824.13
81327,08083,"Montezuma County, Colorado",1.0000,,,,,458302.84,2026-07-31,443810.27
81328,08083,"Montezuma County, Colorado",0.9842,,,,,524505.07,2026-07-31,509559.23
81329,08067,"La Plata County, Colorado",0.0000,20420,,,,,,
81330,08083,"Montezuma County, Colorado",1.0000,,,,,,,
81331,08083,"Montezuma County, Colorado",0.9843,,,,,446833.92,2026-07-31,408758.67
81332,08033,"Dolores County, Colorado",1.0000,,,,,548255.75,2026-07-31,497708.60
81334,08083,"Montezuma County, Colorado",1.0000,,,,,,,
81335,08083,"Montezuma County, Colorado",1.0000,,,,,,,
81401,08085,"Montrose County, Colorado",1.0000,33940,1985.48,2026-07-31,,433747.21,2026-07-31,424147.54
81402,08085,"Montrose County, Colorado",1.0000,33940,,,,,,
81403,08085,"Montrose County, Colorado",0.9056,33940,,,,609035.58,2026-07-31,594639.62
81410,08029,"Delta County, Colorado",1.0000,,,,,406985.90,2026-07-31,398160.08
81411,08085,"Montrose County, Colorado",1.0000,33940,,,,,,
81413,08029,"Delta County, Colorado",1.0000,,,,,434180.52,2026-07-31,427611.38
81414,08029,"Delta County, Colorado",0.0000,,,,,,,
81415,08029,"Delta County, Colorado",0.8084,,,,,535311.88,2026-07-31,518834.26
81416,08029,"Delta County, Colorado",0.9623,,,,,375374.59,2026-07-31,362413.38
81418,08029,"Delta County, Colorado",1.0000,,,,,383408.34,2026-07-31,373295.24
81419,08029,"Delta County, Colorado",1.0000,,,,,475727.67,2026-07-31,466956.64
81420,08029,"Delta County, Colorado",0.0000,,,,,,,
81422,08085,"Montrose County, Colorado",1.0000,33940,,,,215557.28,2026-07-31,213252.71
81423,08113,"San Miguel County, Colorado",0.9083,,,,,481009.88,2026-07-31,487712.41
81424,08085,"Montrose County, Colorado",1.0000,33940,,,,257069.77,2026-07-31,242731.64
81425,08085,"Montrose County, Colorado",1.0000,33940,,,,466878.85,2026-07-31,449451.58
81426,08113,"San Miguel County, Colorado",1.0000,,,,,1025834.21,2026-07-31,949601.39
81427,08091,"Ouray County, Colorado",1.0000,,,,,697517.62,2026-07-31,667560.95
81428,08029,"Delta County, Colorado",0.9995,,,,,474905.44,2026-07-31,462070.11
81429,08085,"Montrose County, Colorado",1.0000,33940,,,,,,
81430,08113,"San Miguel County, Colorado",1.0000,,,,,1238666.89,2026-07-31,1178630.72
81431,08085,"Montrose County, Colorado",1.0000,33940,,,,391895.98,2026-07-31,384785.74
81432,08091,"Ouray County, Colorado",0.9986,,,,,883994.92,2026-07-31,845688.03
81433,08111,"San Juan County, Colorado",1.0000,,,,,547641.33,2026-07-31,538910.88
81434,08051,"Gunnison County, Colorado",0.9905,,,,,475497.21,2026-07-31,471832.61
81435,08113,"San Miguel County, Colorado",1.0000,,,,,2186086.56,2026-07-31,2037745.66
81501,08077,"Mesa County, Colorado",1.0000,24300,1561.73,2026-07-31,1511.80,352851.15,2026-07-31,347270.36
81502,08077,"Mesa County, Colorado",1.0000,24300,,,,,,
81503,08077,"Mesa County, Colorado",1.0000,24300,1771.11,2026-07-31,,408551.55,2026-07-31,395591.59
81504,08077,"Mesa County, Colorado",1.0000,24300,1984.88,2026-07-31,1954.86,389614.95,2026-07-31,381167.16
81505,08077,"Mesa County, Colorado",1.0000,24300,1889.57,2026-07-31,1822.60,502049.31,2026-07-31,492095.11
81506,08077,"Mesa County, Colorado",1.0000,24300,1765.83,2026-07-31,,524320.16,2026-07-31,512949.61
81507,08077,"Mesa County, Colorado",1.0000,24300,2099.58,2026-07-31,2112.92,638100.76,2026-07-31,617699.82
81520,08077,"Mesa County, Colorado",1.0000,24300,1332.33,2026-07-31,1319.52,334831.18,2026-07-31,329849.95
81521,08077,"Mesa County, Colorado",1.0000,24300,1799.75,2026-07-31,1721.25,487137.05,2026-07-31,474197.65
81522,08077,"Mesa County, Colorado",1.0000,24300,,,,,,
81523,08077,"Mesa County, Colorado",1.0000,24300,,,,625371.93,2026-07-31,596868.08
81524,08077,"Mesa County, Colorado",1.0000,24300,,,,664497.98,2026-07-31,618302.02
81525,08077,"Mesa County, Colorado",1.0000,24300,,,,492682.21,2026-07-31,459713.20
81526,08077,"Mesa County, Colorado",1.0000,24300,1522.50,2026-07-31,,570326.52,2026-07-31,559085.06
81527,08077,"Mesa County, Colorado",1.0000,24300,,,,572067.76,2026-07-31,538711.08
81601,08045,"Garfield County, Colorado",1.0000,40090,2425.12,2026-07-31,2416.39,869696.82,2026-07-31,839147.72
81602,08045,"Garfield County, Colorado",1.0000,40090,,,,,,
81610,08081,"Moffat County, Colorado",1.0000,44460,,,,,,
81611,08097,"Pitkin County, Colorado",1.0000,40090,23908.33,2026-07-31,22861.63,3474794.81,2026-07-31,3247200.16
81612,08097,"Pitkin County, Colorado",1.0000,40090,,,,,,
81615,08097,"Pitkin County, Colorado",1.0000,40090,,,,2429940.40,2026-07-31,2129614.54
81620,08037,"Eagle County, Colorado",1.0000,20780,2943.00,2026-07-31,,1245006.82,2026-07-31,1222698.92
81621,08097,"Pitkin County, Colorado",0.6864,40090,4825.00,2026-07-31,,1441289.27,2026-07-31,1354086.89
81623,08045,"Garfield County, Colorado",0.7361,40090,3640.00,2026-07-31,,1373354.14,2026-07-31,1305378.01
81624,08077,"Mesa County, Colorado",1.0000,24300,,,,425281.01,2026-07-31,404081.67
81625,08081,"Moffat County, Colorado",0.9992,44460,,,,311987.20,2026-07-31,307121.64
81630,08077,"Mesa County, Colorado",0.8895,24300,,,,417073.80,2026-07-31,408598.81
81631,08037,"Eagle County, Colorado",1.0000,20780,2752.39,2026-07-31,2437.31,1010701.06,2026-07-31,1010406.04
81632,08037,"Eagle County, Colorado",1.0000,20780,4075.00,2026-07-31,,1893720.54,2026-07-31,1817911.63
81633,08081,"Moffat County, Colorado",1.0000,44460,,,,,,
81635,08045,"Garfield County, Colorado",0.9974,40090,,,,424357.44,2026-07-31,408982.32
81637,08037,"Eagle County, Colorado",0.9970,20780,2752.08,2026-07-31,,708927.34,2026-07-31,701037.85
81638,08081,"Moffat County, Colorado",0.9623,44460,,,,,,
81639,08107,"Routt County, Colorado",1.0000,44460,2350.00,2026-07-31,,525580.50,2026-07-31,503473.76
81640,08081,"Moffat County, Colorado",1.0000,44460,,,,,,
81641,08103,"Rio Blanco County, Colorado",0.9987,,,,,402199.06,2026-07-31,386364.78
81642,08097,"Pitkin County, Colorado",0.9167,40090,,,,788692.64,2026-07-31,717686.34
81643,08077,"Mesa County, Colorado",1.0000,24300,,,,544563.19,2026-07-31,502287.14
81645,08037,"Eagle County, Colorado",1.0000,20780,,,,,,
81646,08077,"Mesa County, Colorado",1.0000,24300,,,,,,
81647,08045,"Garfield County, Colorado",1.0000,40090,,,,657281.43,2026-07-31,631159.45
81648,08103,"Rio Blanco County, Colorado",1.0000,,,,,230297.36,2026-07-31,219461.56
81649,08037,"Eagle County, Colorado",1.0000,20780,,,,,,
81650,08045,"Garfield County, Colorado",0.9860,40090,,,,503822.53,2026-07-31,482524.66
81652,08045,"Garfield County, Colorado",1.0000,40090,,,,622391.28,2026-07-31,597183.92
81653,08081,"Moffat County, Colorado",1.0000,44460,,,,,,
81654,08097,"Pitkin County, Colorado",0.9985,40090,,,,2825809.89,2026-07-31,2710026.28
81655,08037,"Eagle County, Colorado",1.0000,20780,,,,,,
81656,08097,"Pitkin County, Colorado",1.0000,40090,,,,5545004.96,2026-07-31,5157158.34
81657,08037,"Eagle County, Colorado",1.0000,20780,4188.89,2026-07-31,,1880188.45,2026-07-31,1807433.97
81658,08037,"Eagle County, Colorado",1.0000,20780,,,,,,
